geneFamily,total_TPM,percent_TPM
CRISP,10.690000000000001,1.5227486396398966
KUNITZ,4.1,0.5840289450443007
Other,238.8,34.01612489672659
PLA2,141.57999999999998,20.167516594968802
PLB,1.48,0.21082020455257686
SVMP,9.290000000000001,1.3233241218198915
SVSP,60.129999999999995,8.56528304036922
ThreeFTXs,226.58,32.27543374832626
Waprin,9.37,1.3347198085524627
