geneFamily,total_TPM,percent_TPM
CRISP,35371.94,5.161416000664804
KUNITZ,7.94,0.0011585918964376436
Other,1278.47,0.18655226471519323
PLA2,438.24,0.06394726860136435
PLB,49.71,0.0072536024145989
SVMP,3106.8,0.45333920703431624
SVSP,298.13,0.043502645098860794
ThreeFTXs,644599.72,94.05894358160882
Waprin,163.7,0.023886837965597263
