geneFamily,total_TPM,percent_TPM
CRISP,3461.23,0.43803893496056495
KUNITZ,5636.35,0.7133131144318582
Other,744.24,0.09418793231164957
PLA2,129.71,0.016415560437686858
PLB,101.68,0.012868199717091971
SVMP,1317.68,0.1667601239498205
SVSP,223.61,0.02829915557375035
ThreeFTXs,778534.06,98.52804652476853
Waprin,16.36,0.0020704538490521696
