geneFamily,total_TPM,percent_TPM
CRISP,5304.52,0.7119335899792018
KUNITZ,9.48,0.0012723357500778268
Other,774.59,0.10395976251611644
PLA2,1280.96,0.1719210129134697
PLB,155.87,0.020919722928758527
SVMP,296.81,0.03983565126377634
SVSP,356.15,0.047799828838630584
ThreeFTXs,736716.37,98.87664295554468
Waprin,191.6,0.025715140265286027
