geneFamily,total_TPM,percent_TPM
CRISP,5675.78,1.4543815891728316
KUNITZ,4.97,0.0012735300695567787
Other,3775.3399999999997,0.9674062400000982
PLA2,4622.35,1.1844470255564943
PLB,233.82999999999998,0.05991741170311097
SVMP,2502.33,0.6412057341959787
SVSP,424.67,0.10881891642629321
ThreeFTXs,371340.93,95.15369022377844
Waprin,1673.6399999999999,0.4288593290971845
